index,song_title,artist,original_gender,original_continent,source,lyrics,predicted_gender,predicted_continent,gender_keywords,gender_reasoning,continent_keywords,continent_reasoning,raw_model_response
5404,Everything Black (feat. Mike Taylor),Unlike Pluto,Male,North America,spotify,shadows fall over my heart i black out the moon i wait for you to come around you got me dancing in the dark dancing in the dark closed my eyes but i will not sleep tonight baby you should come with me take you to the dark side me and you you and me do bad things in the night time baby you should come with me and we can kill the lights hit the lights let it blackout blackout hit the lights let it blackout blackout woo black bird black moon black sky black light black everything black black heart black keys black diamonds blackout black everything black black everything everything all black everything everything all black everything everything all black everything everything black in a nocturnal state of mind children of the night but it is the only way of life this black hole s pulling me inside of this black heart this black soul underneath this black black sky baby you should come with me take you to the dark side me and you you and me do bad things in the night time baby you should come with me and we can kill the lights hit the lights let it blackout blackout hit the lights let it blackout blackout woo black bird black moon black sky black light black everything black black heart black keys black diamonds blackout black everything black black everything everything all black everything everything all black everything everything all black everything everything black baby you should come with me me and you you and me baby you should come with me and we can kill the lights hit the lights let it blackout blackout hit the lights let it blackout blackout woo black bird black moon black sky black light black everything black black heart black keys black diamonds blackout black everything black black everything everything all black everything everything all black everything everything all black everything everything black,male,North America,"'baby','me and you', 'you and me', 'dancing in the dark', 'black everything'","The use of phrases such as 'baby' and'me and you' suggests a masculine perspective, as they are often used in male-dominated genres like hip-hop and electronic music. Additionally, the emphasis on 'dark' and 'black' imagery, while often associated with themes of rebellion and edginess, is also commonly explored in male-dominated music. The overall tone of the lyrics also suggests a sense of bravado and confidence, which is often associated with male artists.","'black hole', 'black keys', 'black diamonds', 'black out', 'black everything', 'black light', 'black moon'
CONTIN",,"LYRICS: 
shadows fall over my heart i black out the moon i wait for you to come around you got me dancing in the dark dancing in the dark closed my eyes but i will not sleep tonight baby you should come with me take you to the dark side me and you you and me do bad things in the night time baby you should come with me and we can kill the lights hit the lights let it blackout blackout hit the lights let it blackout blackout woo black bird black moon black sky black light black everything black black heart black keys black diamonds blackout black everything black black everything everything all black everything everything all black everything everything all black everything everything black in a nocturnal state of mind children of the night but it is the only way of life this black hole s pulling me inside of this black heart this black soul underneath this black black sky baby you should come with me take you to the dark side me and you you and me do bad things in the night time baby you should come with me and we can kill the lights hit the lights let it blackout blackout hit the lights let it blackout blackout woo black bird black moon black sky black light black everything black black heart black keys black diamonds blackout black everything black black everything everything all black everything everything all black everything everything all black everything everything black baby you should come with me me and you you and me baby you should come with me and we can kill the lights hit the lights let it blackout blackout hit the lights let it blackout blackout woo black bird black moon black sky black light black everything black black heart black keys black diamonds blackout black everything black black everything everything all black everything everything all black everything everything all black everything everything black

GENDER: male
GENDER_KEYWORDS: 'baby','me and you', 'you and me', 'dancing in the dark', 'black everything'
GENDER_REASONING: The use of phrases such as 'baby' and'me and you' suggests a masculine perspective, as they are often used in male-dominated genres like hip-hop and electronic music. Additionally, the emphasis on 'dark' and 'black' imagery, while often associated with themes of rebellion and edginess, is also commonly explored in male-dominated music. The overall tone of the lyrics also suggests a sense of bravado and confidence, which is often associated with male artists.

CONTINENT: North America
CONTINENT_KEYWORDS: 'black hole', 'black keys', 'black diamonds', 'black out', 'black everything', 'black light', 'black moon'
CONTIN"
5405,All Night Longer REMIX,Sammy Adams,Male,North America,spotify,"The lyrics are already in English, so no translation is necessary.

in vegas yeah i drink jäger throw bangers get serenaded by ladies basically naked crazy this life i take it everybody notice white girls drink vodka sodas jack and cokes will get you open tequila shots are the dopest and i love it the way you look so fine when faded on my 10 gin and tonic but keep on getting persuaded that i want to crack a jameson invite all your lady friends tell that bartender serve a mothafuckin round again tell that bartender make that motherfucker stronger i want to go all night longer a couple rounds going down like water i want to go all night longer cause i do this every night i want to do this every night a couple rounds going down like water i want to go all night longer hoppin up out of that lotus lookin focused everywhere we get noticed cause they know us tell the promoters send more gin and soda if you know me you know never sober you know this body aroma a stoner crumblin marijuana on your sofa watchin the bentley i want to uh get to know ya bring you closer threw a concert on the highway woke up in somebody s driveway take a hit to get rid of the migrane we do it again like it is friday turn this motherfucker sideways turn this motherfucker sideways came to vegas for the weekend but the after party last for five days bands tell that bartender make that motherfucker stronger i want to go all night longer a couple rounds going down like water i want to go all night longer cause i do this every night i want to do this every night a couple rounds going down like water stars and stripes a veteran proud to be an american got bud in my system my medicine so up for whatever who was just we just chuggin them bud lights swear to god i put it on life we party we party you known that annehizer no busch league casue big league and these rookies and we could drink you under tables for days but thinking and show everyone everywhere our shit cause when sammy roll ever so often they start stippin am not really an option go tell that bartender make that motherfucker stronger i want to go all night longer a couple rounds going down like water i want to go all night longer cause i do this every night i want to do this every night a couple rounds going down like water tell that bartender make that motherfucker stronger i want to go all night longer a couple rounds going down like water i want to go all night longer cause i do this every night i want to do this every night a couple rounds going down like water",male,,"'mothafuckin','motherfucker', 'banger', 'lady friends', 'get you open','motherfucker', 'gonna', 'crack', 'get to know ya', 'bentley', 'highway','veteran'","The use of strong, masculine language and references to partying, drinking, and women suggest that the writer",,,"LYRICS: 
in vegas yeah i drink jäger throw bangers get serenaded by ladies basically naked crazy this life i take it everybody notice white girls drink vodka sodas jack and cokes will get you open tequila shots are the dopest and i love it the way you look so fine when faded on my 10 gin and tonic but keep on getting persuaded that i want to crack a jameson invite all your lady friends tell that bartender serve a mothafuckin round again tell that bartender make that motherfucker stronger i want to go all night longer a couple rounds going down like water i want to go all night longer cause i do this every night i want to do this every night a couple rounds going down like water i want to go all night longer hoppin up out of that lotus lookin focused everywhere we get noticed cause they know us tell the promoters send more gin and soda if you know me you know never sober you know this body aroma a stoner crumblin marijuana on your sofa watchin the bentley i want to uh get to know ya bring you closer threw a concert on the highway woke up in somebody s driveway take a hit to get rid of the migrane we do it again like it is friday turn this motherfucker sideways turn this motherfucker sideways came to vegas for the weekend but the after party last for five days bands tell that bartender make that motherfucker stronger i want to go all night longer a couple rounds going down like water i want to go all night longer cause i do this every night i want to do this every night a couple rounds going down like water stars and stripes a veteran proud to be an american got bud in my system my medicine so up for whatever who was just we just chuggin them bud lights swear to god i put it on life we party we party you known that annehizer no busch league casue big league and these rookies and we could drink you under tables for days but thinking and show everyone everywhere our shit cause when sammy roll ever so often they...

GENDER: male
GENDER_KEYWORDS:'mothafuckin','motherfucker', 'banger', 'lady friends', 'get you open','motherfucker', 'gonna', 'crack', 'get to know ya', 'bentley', 'highway','veteran'
GENDER_REASONING: The use of strong, masculine language and references to partying, drinking, and women suggest that the writer"
5406,I See Fire,Ed Sheeran,Male,Europe,spotify,oh misty eye of the mountain below keep careful watch of my brothers souls and should the sky be filled with fire and smoke keep watching over durin s sons if this is to end in fire then we should all burn together watch the flames climb high into the night calling out father oh stand by and we will watch the flames burn auburn on the mountain side and if we should die tonight we should all die together raise a glass of wine for the last time calling out father oh prepare as we will watch the flames burn auburn on the mountain side desolation comes upon the sky now i see fire inside the mountain i see fire burning the trees and i see fire hollowing souls i see fire blood in the breeze and i hope that you remember me oh should my people fall then surely do the same confined in mountain halls we got too close to the flame calling out father oh hold fast and we will watch the flames burn auburn on the mountain side desolation comes upon the sky now i see fire inside the mountain i see fire burning the trees and i see fire hollowing souls i see fire blood in the breeze and i hope that you remember me and if the night is burning i will cover my eyes for if the dark returns then my brothers will die and as the sky s falling down it crashed into this lonely town and with that shadow upon the ground i hear my people screaming out now i see fire inside the mountain i see fire burning the trees i see fire hollowing souls i see fire blood in the breeze i see fire oh you know i saw a city burning out i see fire feel the heat upon my skin i see fire and i see fire burn auburn on the mountainside,male,Europe,"""my brothers"", ""father"", ""sons"", ""brothers"", ""my people"", ""my"", ""I""","The use of masculine pronouns such as ""my brothers"", ""father"", and ""sons"" suggests a male writer. The writer also uses language that is typical of a male perspective, such as the idea of a group of people (his ""people"") and the use of strong, assertive language like ""stand by"", ""hold fast"", and ""we will watch the flames burn"".","""mountain"", ""mountain side"", ""fire"", ""wine"", ""sky"", ""city""","The use of words like ""mountain""","LYRICS: 
oh misty eye of the mountain below keep careful watch of my brothers souls and should the sky be filled with fire and smoke keep watching over durin s sons if this is to end in fire then we should all burn together watch the flames climb high into the night calling out father oh stand by and we will watch the flames burn auburn on the mountain side and if we should die tonight we should all die together raise a glass of wine for the last time calling out father oh prepare as we will watch the flames burn auburn on the mountain side desolation comes upon the sky now i see fire inside the mountain i see fire burning the trees and i see fire hollowing souls i see fire blood in the breeze and i hope that you remember me oh should my people fall then surely do the same confined in mountain halls we got too close to the flame calling out father oh hold fast and we will watch the flames burn auburn on the mountain side desolation comes upon the sky now i see fire inside the mountain i see fire burning the trees and i see fire hollowing souls i see fire blood in the breeze and i hope that you remember me and if the night is burning i will cover my eyes for if the dark returns then my brothers will die and as the sky s falling down it crashed into this lonely town and with that shadow upon the ground i hear my people screaming out now i see fire inside the mountain i see fire burning the trees i see fire hollowing souls i see fire blood in the breeze i see fire oh you know i saw a city burning out i see fire feel the heat upon my skin i see fire and i see fire burn auburn on the mountainside

GENDER: male
GENDER_KEYWORDS: ""my brothers"", ""father"", ""sons"", ""brothers"", ""my people"", ""my"", ""I""
GENDER_REASONING: The use of masculine pronouns such as ""my brothers"", ""father"", and ""sons"" suggests a male writer. The writer also uses language that is typical of a male perspective, such as the idea of a group of people (his ""people"") and the use of strong, assertive language like ""stand by"", ""hold fast"", and ""we will watch the flames burn"".

CONTINENT: Europe
CONTINENT_KEYWORDS: ""mountain"", ""mountain side"", ""fire"", ""wine"", ""sky"", ""city""
CONTINENT_REASONING: The use of words like ""mountain"""
5407,Propuesta Indecente,Romeo Santos,Male,North America,spotify,"Hello, they call me Romeo, it's a pleasure to meet you, you look great
I'll tell you now, I don't care who he is
Tell me, have you ever done something naughty?
An adventure is more fun if it smells like danger
If I invite you for a drink and I get close to your mouth
If I steal a little kiss, will you get mad at me?
What would you say if tonight I seduce you in my car?
Let the windows steam up and the rule is that you enjoy
If I disrespect you and then blame it on the alcohol
If I lift your skirt, would you give me the right to measure your sanity?
Put your body at stake, if you think this indecent proposal is prudent
Come on, come on let me appreciate your nudity
Take it off, relax, this martini will calm your shyness
Be shy and an adventure is more fun if it smells like danger
If I invite you for a drink and I get close to your mouth
If I steal a little kiss, will you get mad at me?
What would you say if tonight I seduce you in my car?
Let the windows steam up and the rule is that you enjoy
If I disrespect you and then blame it on the alcohol
If I lift your skirt, would you give me the right to measure your sanity?
Put your body at stake, if you think this indecent proposal is prudent
Back, back, back it feels good
The king is delicious
Hey listen, I know that you like it
How about if you and I, me and you dance bachata
And then you and I, me and you end up in bed
How delicious
How about if you and I, me and you dance bachata
Oh, dance bachata and then you and I, me and you end up in bed
We end up in bed
How about if you and I, you and I, me and you, me and you
You and I, you and I, me and you, you, you and I
You and I, you and I, me and you
A bad boy, me and you, you
Oh, chichí, cry guitar, cry",male,,"""Romeo,"" ""bad boy,"" ""steal a little kiss,"" ""seduce you,"" ""appreciate your nudity,"" ""lift your skirt""
GENDER_REASONING",,,,"LYRICS: 
Hello, they call me Romeo, it's a pleasure to meet you, you look great
I'll tell you now, I don't care who he is
Tell me, have you ever done something naughty?
An adventure is more fun if it smells like danger
If I invite you for a drink and I get close to your mouth
If I steal a little kiss, will you get mad at me?
What would you say if tonight I seduce you in my car?
Let the windows steam up and the rule is that you enjoy
If I disrespect you and then blame it on the alcohol
If I lift your skirt, would you give me the right to measure your sanity?
Put your body at stake, if you think this indecent proposal is prudent
Come on, come on let me appreciate your nudity
Take it off, relax, this martini will calm your shyness
Be shy and an adventure is more fun if it smells like danger
If I invite you for a drink and I get close to your mouth
If I steal a little kiss, will you get mad at me?
What would you say if tonight I seduce you in my car?
Let the windows steam up and the rule is that you enjoy
If I disrespect you and then blame it on the alcohol
If I lift your skirt, would you give me the right to measure your sanity?
Put your body at stake, if you think this indecent proposal is prudent
Back, back, back it feels good
The king is delicious
Hey listen, I know that you like it
How about if you and I, me and you dance bachata
And then you and I, me and you end up in bed
How delicious
How about if you and I, me and you dance bachata
Oh, dance bachata and then you and I, me and you end up in bed
We end up in bed
How about if you and I, you and I, me and you, me and you
You and I, you and I, me and you, you, you and I
You and I, you and I, me and you
A bad boy, me and you, you
Oh, chichí, cry guitar, cry

GENDER: male
GENDER_KEYWORDS: ""Romeo,"" ""bad boy,"" ""steal a little kiss,"" ""seduce you,"" ""appreciate your nudity,"" ""lift your skirt""
GENDER_REASONING"
5408,Never Really Over,Katy Perry,Female,North America,spotify,losing my self control yeah you are starting to trickle back in but i do not want to fall down the rabbit hole cross my heart i will not do it again i tell myself tell myself tell myself draw the line and i do i do but once in a while i trip up and i cross the line and i think of you two years and just like that my head still takes me back thought it was done but i guess it is never really over oh we were such a mess but was not it the best thought it was done but i guess it is never really over just because it is over does not mean it is really over and if i think it over maybe you will be coming over again and have to get over you all over again just because it is over does not mean it is really over and if i think it over maybe you will be coming over again and have to get over you all over again i guess i could try hypnotherapy i got to rewire this brain cause i cannot even go on the internet without even checking your name i tell myself tell myself tell myself draw the line and i do i do but once in a while i trip up and i cross the line i think of you two years and just like that my head still takes me back thought it was done but i guess it is never really over oh we were such a mess but was not it the best thought it was done but i guess it is never really over just because it is over does not mean it is really over and if i think it over maybe you will be coming over again and have to get over you all over again just because it is over does not mean it is really over and if i think it over maybe you will be coming over again and have to get over you all over again thought we kissed goodbye thought we meant this time was the last but i guess it is never really over thought we drew the line right through you and i keep going back i guess it is never really over yeah two years and just like that my head still takes me back thought it was done but i guess it is never really over just because it is over does not mean it is really over and if i think it over maybe you will be coming over again and have to get over you all over again and have to get over you all over again just because it is over does not mean it is really over and if i think it over maybe you will be coming over again and have to get over you all over again over you all over again thought we kissed goodbye thought we meant this time was the last but i guess it is never really over thought we drew the line right through you and i keep going back i guess it is never really over losing my self control yeah you are starting to trickle back in but i do not want to fall down the rabbit hole cross my heart i will not do it again i tell myself tell myself tell myself draw the line and i do i do but once in a while i trip up and i cross the line and i think of you two years and just like that my head still takes me back thought it was done but i guess it is never really over oh we were such a mess but was not it the best thought it was done but i guess it is never really over just because it is over does not mean it is really over and if i think it over maybe you will be coming over again and have to get over you all over again just because it is over does not mean it is really over and if i think it over maybe you will be coming over again and have to get over you all over again i guess i could try hypnotherapy i got to rewire this brain cause i cannot even go on the internet without even checking your name i tell myself tell myself tell myself draw the line and i do i do but once in a while i trip up and i cross the line i think of you two years and just like that my head still takes me back thought it was done but i guess it is never really over oh we were such a mess but was not it the best thought it was done but i guess it is never really over just because it is over does not mean it is really over and if i think it over maybe you will be coming over again and have to get over you all over again just because it is over does not mean it is really over and if i think it over maybe you will be coming over again and have to get over you all over again thought we kissed goodbye thought we meant this time was the last but i guess it is never really over thought we drew the line right through you and i keep going back i guess it is never really over yeah two years and just like that my head still takes me back thought it was done but i guess it is never really over just because it is over does not mean it is really over and if i think it over maybe you will be coming over again and have to get over you all over again and have to get over you all over again just because it is over does not mean it is really over and if i think it over maybe you will be coming over again and have to get over you all over again over you all over again thought we kissed goodbye thought we meant this time was the last but i guess it is never really over thought we drew the line right through you and i keep going back i guess it is never really over losing my self control yeah you are starting to trickle back in but i do not want to fall down the rabbit hole cross my heart i will not do it again i tell myself tell myself tell myself draw the line and i do i do but once in a while i trip up and i cross the line and i think of you two years and just like that my head still takes me back thought it was done but i guess it is never really over oh we were such a mess but was not it the best thought it was done but i guess it is never really over just because it is over does not mean it is really over and if i think it over maybe you will be coming over again and have to get over you all over again just because it is over does not mean it is really over and if i think it over maybe you will be coming over again and have to get over you all over again i guess i could try hypnotherapy i got to rewire this brain cause i cannot even go on the internet without even checking your name i tell myself tell myself tell myself draw the line and i do i do but once in a while i trip up and i cross the line i think of you two years and just like that my head still takes me back thought it was done but i guess it is never really over oh we were such a mess but was not it the best thought it was done but i guess it is never really over just because it is over does not mean it is really over and if i think it over maybe you will be coming over again and have to get over you all over again just because it is over does not mean it is really over and if i think it over maybe you will be coming over again and have to get over you all over again thought we kissed goodbye thought we meant this time was the last but i guess it is never really over thought we drew the line right through you and i keep going back i guess it is never really over yeah two years and just like that my head still takes me back thought it was done but i guess it is never really over just because it is over does not mean it is really over and if i think it over maybe you will be coming over again and have to get over you all over again and have to get over you all over again just because it is over does not mean it is really over and if i think it over maybe you will be coming over again and have to get over you all over again over you all over again thought we kissed goodbye thought we meant this time was the last but i guess it is never really over thought we drew the line right through you and i keep going back i guess it is never really over,female,,"""",,,,"LYRICS: 
losing my self control yeah you are starting to trickle back in but i do not want to fall down the rabbit hole cross my heart i will not do it again i tell myself tell myself tell myself draw the line and i do i do but once in a while i trip up and i cross the line and i think of you two years and just like that my head still takes me back thought it was done but i guess it is never really over oh we were such a mess but was not it the best thought it was done but i guess it is never really over just because it is over does not mean it is really over and if i think it over maybe you will be coming over again and have to get over you all over again and have to get over you all over again i guess i could try hypnotherapy i got to rewire this brain cause i cannot even go on the internet without even checking your name i tell myself tell myself tell myself draw the line and i do i do but once in a while i trip up and i cross the line i think of you two years and just like that my head still takes me back thought it was done but i guess it is never really over oh we were such a mess but was not it the best thought it was done but i guess it is never really over just because it is over does not mean it is really over and if i think it over maybe you will be coming over again and have to get over you all over again thought we kissed goodbye thought we meant this time was the last but i guess it is never really over thought we drew the line right through you and i keep going back i guess it is never really over yeah two years and just like that my head still takes me back thought it was done but i guess it is never really over just because it is over does not mean it is really over and if i think it over maybe you will be coming over again and have to get over you all over again thought we kissed goodbye thought we meant this time was the last but i guess it is never really over thought we drew the line right through you and i keep going back i guess it is never really over yeah two years and just like that my head still takes me back thought it was done but i guess it is never really over just because it is over does not mean it is really over and if i think it over maybe you will be coming over again and have to get over you all over again

GENDER: female
GENDER_KEYWORDS: """
5409,Gas Drawls,MF DOOM,Male,North America,spotify,by the way i re up on bad dreams bag up screams in fiftys be up on mad schemes that heat shop like jiffy pop pop in a instant get smoked like winston cigarettes ho s get ripped off like nicorette patch in real life the real trife scene might snatch ya life like assault machine rifle dead up setup like bull fight be blunted how we like could not white or in full flight the unemotional call me anti social on the run off the gun death tally commercial death valley is like rehearsal to the streets to my peeps g m mf on the beat rhymes is chosen like the weapons of war so keep from steppin on my floor or delivery front door i bring it to ya ll motherfuckers master yours my disaster cause hell in gas drawls the supervillain cooler than a million i be chillins still quick to slice squares like Sicilians dont make me have to hurt them feelings ruin you in the dirt that i be doin in my dealings while sendin spirits through the ceilin chrome peelin dome blown within the comforts of your own home grown big wheelin and high rollin i hold the lye it keeps the sty on my eye swollen holdin foldin the pal known as massive versatile like to big em up monster isle uummm yeah i saw you in hell with them gas drawls mhm to my brother Subroc and Black Ju I crack brew for two more three men two up i hit the brew up like nobody knows how x the unseen feels when giving crews a brush with death like between meals two times a day with brothers that is tight like a noose with more rhymes in use than Dr. Seuss or motherfuckin Mother Goose x the suspicious flirter who every hooker hearda next to malicious murder a track type vicious fulfillin the pipe wishes the misses may be legal minus the baby eagle any given summer s eve do not breathe sixteen shots i do believe and one up the sleeve master of the o who predict ya last pause i told you all hell and gas drawls breakin glass and plastic jaw like federal drastic law fed up from fightin secret war wit them fantastic four invisible bitch versus Doom wit the metal face before i go to state the ho better settle case the flow is at pedal pace steady like tricycles beware all suckas is froze like icicles bag em up and baggin bitches like nickels cause i licked em where they tickle before i hit the clit though i ma split till i pronounce more hits than a ounce no doubt about ta bounce x the unannounced out and i like to give a shoutout to the brother Jet Jaguar Megalon and King Geedorah i call this joint right here gas drawls in hell with yours,male,,"""motherfuckers"", ""ho's"", ""squares"", ""Sicilians"", ""hell"", ""gun"", ""machine rifle"", ""assault"", ""death"", ""war"", ""master"", ""disaster"", ""supervillain"", ""big wheelin",,,,"LYRICS: 
by the way i re up on bad dreams bag up screams in fiftys be up on mad schemes that heat shop like jiffy pop pop in a instant get smoked like winston cigarettes ho s get ripped off like nicorette patch in real life the real trife scene might snatch ya life like assault machine rifle dead up setup like bull fight be blunted how we like could not white or in full flight the unemotional call me anti social on the run off the gun death tally commercial death valley is like rehearsal to the streets to my peeps g m mf on the beat rhymes is chosen like the weapons of war so keep from steppin on my floor or delivery front door i bring it to ya ll motherfuckers master yours my disaster cause hell in gas drawls the supervillain cooler than a million i be chillins still quick to slice squares like Sicilians dont make me have to hurt them feelings ruin you in the dirt that i be doin in my dealings while sendin spirits through the ceilin chrome peelin dome blown within the comforts of your own home grown big wheelin and high rollin i hold the lye it keeps the sty on my eye swollen holdin foldin the pal known as massive versatile like to big em up monster isle uummm yeah i saw you in hell with them gas drawls mhm to my brother Subroc and Black Ju I crack brew for two more three men two up i hit the brew up like nobody knows how x the unseen feels when giving crews a brush with death like between meals two times a day with brothers that is tight like a noose with more rhymes in use than Dr. Seuss or motherfuckin Mother Goose x the suspicious flirter who every hooker hearda next to malicious murder a track type vicious fulfillin the pipe wishes the misses may be legal minus the baby eagle any given summer s eve do not breathe sixteen shots i do believe and one up the sleeve master of the o who predict ya last pause i told you all hell and gas drawls breakin glass and plastic jaw like federal drastic law fed up from fightin secret war wit them fantastic four invisible bitch versus D...

GENDER: male
GENDER_KEYWORDS: ""motherfuckers"", ""ho's"", ""squares"", ""Sicilians"", ""hell"", ""gun"", ""machine rifle"", ""assault"", ""death"", ""war"", ""master"", ""disaster"", ""supervillain"", ""big wheelin"
5410,"Sola (Remix) [feat. Daddy Yankee, Wisin, Farruko, Zion & Lennox]",Anuel AA,Male,North America,spotify,"Oh hello, I saw you walking in the dark alone in this game you have the ball I want to eat you up all alone I want to eat you up all alone I never forget the first time I got to eat you and I keep exploring your skin smoking and drinking rosé and now that I have you from behind you looking at my face getting wet I keep exploring your skin smoking and drinking rosé I can't forget neither your body nor your mouth and the way you touch yourself in my bed smoke in the air champagne in the glass she is whitish like cocaine no one like you you smile to hide the pain we never talk about love but I'm having a great time you know climb on top of me and dance for all the money it's already confronting me girl she's coming touching herself I know this game is tempting you oh hello, I saw you walking in the dark alone in this game you have the ball I want to eat you up all alone I want to eat you up all alone I never forget the first time I got to eat you and I keep exploring your skin smoking and drinking rosé and now that I have you from behind you looking at my face getting wet I keep exploring your skin smoking and drinking rosé I'm not a devil but I give you warmth she spends money she works at the mall she is a devil she doesn't feel fear she only goes out when the sun hides there is sex and comfort for heartbreak my mom says that's better I love her as I love my pistol we hit ten bottles and I told her oh hello, I saw you walking in the dark alone in this game you have the ball I want to eat you up all alone I want to eat you up all alone I never forget the first time I got to eat you and I keep exploring your skin smoking and drinking rosé and now that I have you from behind you looking at my face getting wet I keep exploring your skin smoking and drinking rosé oh hello, I saw you walking in the dark alone in this game you have the ball I want to eat you up all alone I want to eat you up all alone I never forget the first time I got to eat you and I keep exploring your skin smoking and drinking rosé and now that I have you from behind you looking at my face getting wet I keep exploring your skin smoking and drinking rosé I can't forget neither your body nor your mouth and the way you touch yourself in my bed smoke in the air champagne in the glass she is whitish like cocaine no one like you you smile to hide the pain we never talk about love but I'm having a great time you know climb on top of me and dance for all the money it's already confronting me girl she's coming touching herself I know this game is tempting you oh hello, I saw you walking in the dark alone in this game you have the ball I want to eat you up all alone I want to eat you up all alone I never forget the first time I got to eat you and I keep exploring your skin smoking and drinking rosé and now that I have you from behind you looking at my face getting wet I keep exploring your skin smoking and drinking rosé I'm not a devil but I give you warmth she spends money she works at the mall she is a devil she doesn't feel fear she only goes out when the sun hides there is sex and comfort for heartbreak my mom says that's better I love her as I love my pistol we hit ten bottles and I told her oh hello, I saw you walking in the dark alone in this game you have the ball I want to eat you up all alone I want to eat you up all alone I never forget the first time I got to eat you and I keep exploring your skin smoking and drinking rosé and now that I have you from behind you looking at my face getting wet I keep exploring your skin smoking and drinking rosé",male,,"'I','me','my','my bed','my face','my pistol','my mom'","The use of first-person pronouns such as 'I','me', and'my",,,"LYRICS: Oh hello, I saw you walking in the dark alone in this game you have the ball I want to eat you up all alone I want to eat you up all alone I never forget the first time I got to eat you and I keep exploring your skin smoking and drinking rosé and now that I have you from behind you looking at my face getting wet I keep exploring your skin smoking and drinking rosé I can't forget neither your body nor your mouth and the way you touch yourself in my bed smoke in the air champagne in the glass she is whitish like cocaine no one like you you smile to hide the pain we never talk about love but I'm having a great time you know climb on top of me and dance for all the money it's already confronting me girl she's coming touching herself I know this game is tempting you oh hello, I saw you walking in the dark alone in this game you have the ball I want to eat you up all alone I want to eat you up all alone I never forget the first time I got to eat you and I keep exploring your skin smoking and drinking rosé and now that I have you from behind you looking at my face getting wet I keep exploring your skin smoking and drinking rosé I'm not a devil but I give you warmth she spends money she works at the mall she is a devil she doesn't feel fear she only goes out when the sun hides there is sex and comfort for heartbreak my mom says that's better I love her as I love my pistol we hit ten bottles and I told her oh hello, I saw you walking in the dark alone in this game you have the ball I want to eat you up all alone I want to eat you up all alone I never forget the first time I got to eat you and I keep exploring your skin smoking and drinking rosé and now that I have you from behind you looking at my face getting wet I keep exploring your skin smoking and drinking rosé oh hello, I saw you walking in the dark alone in this game you have the ball I want to eat you up all alone I want to eat you up all alone I never forget the first time I got to eat you and I keep exploring your skin smoking and drinking rosé

GENDER: male
GENDER_KEYWORDS: 'I','me','my','my bed','my face','my pistol','my mom'
GENDER_REASONING: The use of first-person pronouns such as 'I','me', and'my"
5411,Luz Apaga,Ozuna,Male,North America,spotify,"Bring me a dose of champagne
There's a baby that damages my mind
And I don't know a deceiving look
It seems good but I know her trick
Turn off the light, uh woh
Let it fall on her, let it fall on her
The thing I like the most is how she dances for me
I grab her waist and put her back to me
Sorry if my hands go up your skirt
Turn off the light, uh woh
Let it fall on her, let it fall on her
The thing I like the most is how she dances for me
I grab her waist and put her back to me
Sorry if my hands go up your skirt
Baby, I just want to invite you to the dance floor
So you dance and your body stands out
You have a mix of beauty with art
You don't want to get to know me
You just want to enjoy the night
What's happening is that it's lit
A fire that burns
She has the power in the system
But I forget that I have my girl
And if she finds out, she might leave me right away
Baby, if she moves it like that, she does it for me
I'm not responsible for what happens
And it's that from afar, you can see that you're not the same
If I press you against the wall
Give me all the poses
You lasted twelve, we make peace
And then she doesn't recognize me
I know you're drinking rosé
Looking for a way for me to touch you from below
And it's that I want you just for me
I've had others and they're not like you
Don't believe everything they say out there
You know I'm only for you
Baby, I want you just for me
I've had others and they're not like you
Don't believe everything they say out there
You know I'm only for you
Baby, turn off the light
Let it fall on her, let it fall on her
The thing I like the most is how she dances for me
I grab her waist and put her back to me
Sorry if my hands go up your skirt
I want a dance, baby
I have the right one, mami, get on it
I hope she's real
No surgery, she was born perfect
Yeah, booty so big that it might not fit in her jeans
How rich, mami, your tan is marked
Laughing, catching sun in Miami
Come from Ecuador but I take wine from Venezuela
But she goes with me to Puerto Rico
This is pure, like a bolero
I touched her and she didn't put up
Her legs are made of steel
With a kiss, she gives me her 602
Your red lipstick stayed on me
Something tonight, your eyes plan
For the moment to be alone
I want to know all of your body
And it's that I want you just for me
I've had others and they're not like you
Don't believe everything they say out there
You know I'm only for you
Baby, I want you just for me
For me, I've had others and they're not like you
Don't believe everything they say out there
Baby, you know I'm only for you
Baby, turn off the light, turn off the light
Let it fall on her, let it fall on her
The thing I like the most is how she dances for me
How she dances for me
I grab her waist and put her back to me
Sorry if my hands go up your skirt
Turn off the light, uh woh
Ozuna, Rauw Alejandro, Lyann, Mami, Lunay
Say it, Hustle Gaby Music, Chris Jeday
Nibiru Hustle",,,,,,,"LYRICS: 
Bring me a dose of champagne
There's a baby that damages my mind
And I don't know a deceiving look
It seems good but I know her trick
Turn off the light, uh woh
Let it fall on her, let it fall on her
The thing I like the most is how she dances for me
I grab her waist and put her back to me
Sorry if my hands go up your skirt
Turn off the light, uh woh
Let it fall on her, let it fall on her
The thing I like the most is how she dances for me
I grab her waist and put her back to me
Sorry if my hands go up your skirt
Baby, I just want to invite you to the dance floor
So you dance and your body stands out
You have a mix of beauty with art
You don't want to get to know me
You just want to enjoy the night
What's happening is that it's lit
A fire that burns
She has the power in the system
But I forget that I have my girl
And if she finds out, she might leave me right away
Baby, if she moves it like that, she does it for me
I'm not responsible for what happens
And it's that from afar, you can see that you're not the same
If I press you against the wall
Give me all the poses
You lasted twelve, we make peace
And then she doesn't recognize me
I know you're drinking rosé
Looking for a way for me to touch you from below
And it's that I want you just for me
I've had others and they're not like you
Don't believe everything they say out there
You know I'm only for you
Baby, I want you just for me
I've had others and they're not like you
Don't believe everything they say out there
You know I'm only for you
Baby, turn off the light
Let it fall on her, let it fall on her
The thing I like the most is how she dances for me
I grab her waist and put her back to me
Sorry if my hands go up your skirt
I want a dance, baby
I have the right one, mami, get on it
I hope she's real
No surgery, she was born perfect
Yeah, booty so big that it might not fit in her jeans
How rich, mami,"
5412,Lovesick,BANKS,Female,North America,spotify,please call me your baby baby baby look how long that you have kept me waiting all in look at all that i have given ooh i knew your love before i kissed you and now you have only made me miss you come get me come love me baby come love me ooh ah cause lovesick i am not even ashamed ah ah and hard up for some time in your sheets ah ah would you be down to spend all your time with me ah ah cause lovesick please call me your baby baby baby look how long that you have kept me waiting all in look at all that i have given ooh i knew your love before i kissed you and now you have only made me miss you come get me come love me baby come love me ooh ah cause lovesick i am not even ashamed ah ah and hard up for some time in your sheets ah ah would you be down to spend all your time with me ah ah cause lovesick ooh ah cause lovesick i am not even ashamed ah ah and hard up for some time in your sheets ah ah would you be down to spend all your time with me ah ah cause lovesick ooh ah cause lovesick cause lovesick cause lovesick cause lovesick cause lovesick ooh ah cause lovesick cause lovesick cause lovesick cause lovesick cause lovesick ooh ah cause lovesick cause lovesick cause lovesick cause lovesick cause lovesick ooh ah cause lovesick cause lovesick cause lovesick cause lovesick cause lovesick ooh ah cause lovesick ooh ah cause lovesick ooh ah cause lovesick ooh ah cause lovesick cause lovesick cause lovesick cause lovesick cause lovesick,female,North America,"""baby baby baby"", ""come get me"", ""come love me"", ""ooh ah"", ""cause lovesick""","The use of the term ""baby baby baby"" and ""ooh ah"" suggests a feminine tone and language pattern, often associated with female vocalists. The repeated use of ""come get me"" and ""come love me"" also implies a sense of vulnerability and dependence, which is a common theme in female-driven R&B and pop music. The phrase ""cause lovesick"" and the repetition of it may be seen as a more feminine expression of emotional vulnerability.","""baby"", ""sheets"", ""time"", ""love"", ""causes""",The use of the,"LYRICS: please call me your baby baby baby look how long that you have kept me waiting all in look at all that i have given ooh i knew your love before i kissed you and now you have only made me miss you come get me come love me baby come love me ooh ah cause lovesick i am not even ashamed ah ah and hard up for some time in your sheets ah ah would you be down to spend all your time with me ah ah cause lovesick please call me your baby baby baby look how long that you have kept me waiting all in look at all that i have given ooh i knew your love before i kissed you and now you have only made me miss you come get me come love me baby come love me ooh ah cause lovesick i am not even ashamed ah ah and hard up for some time in your sheets ah ah would you be down to spend all your time with me ah ah cause lovesick ooh ah cause lovesick i am not even ashamed ah ah and hard up for some time in your sheets ah ah would you be down to spend all your time with me ah ah cause lovesick ooh ah cause lovesick cause lovesick cause lovesick cause lovesick cause lovesick ooh ah cause lovesick cause lovesick cause lovesick cause lovesick cause lovesick ooh ah cause lovesick cause lovesick cause lovesick cause lovesick cause lovesick ooh ah cause lovesick cause lovesick cause lovesick cause lovesick cause lovesick ooh ah cause lovesick ooh ah cause lovesick ooh ah cause lovesick ooh ah cause lovesick cause lovesick cause lovesick cause lovesick cause lovesick

GENDER: female
GENDER_KEYWORDS: ""baby baby baby"", ""come get me"", ""come love me"", ""ooh ah"", ""cause lovesick""
GENDER_REASONING: The use of the term ""baby baby baby"" and ""ooh ah"" suggests a feminine tone and language pattern, often associated with female vocalists. The repeated use of ""come get me"" and ""come love me"" also implies a sense of vulnerability and dependence, which is a common theme in female-driven R&B and pop music. The phrase ""cause lovesick"" and the repetition of it may be seen as a more feminine expression of emotional vulnerability.

CONTINENT: North America
CONTINENT_KEYWORDS: ""baby"", ""sheets"", ""time"", ""love"", ""causes""
CONTINENT_REASONING: The use of the"
5413,Praying To A God - Melio Remix,Mr. Probz,Male,Europe,spotify,praying to a god that will not talk back her faith is dying the tear s a sign she is going off track keeps praying to a god that will not talk back talk back down on her knees here praying to a god that will not talk back hey her momma believed that the devil had a dress on so she is out on the town tonight she got her best on her daddy believed that the needle was a highway so she powders her nose she is just looking for the right shade it gets hard to feel the friction underwater and she is breaking down tearing at the borders in too deep to save herself she takes a pill it seems to help close her eyes and pictures standing at the altar praying to a god that will not talk back her faith is dying the tear s a sign she is going off track keeps praying to a god that will not talk back talk back down on her knees here praying to a god that will not talk back it gets hard to feel the friction underwater and she is breaking down tearing at the borders in too deep to save herself she takes a pill it seems to help close her eyes and pictures standing at the altar,female,North America,"her momma, her daddy, she, she is, she got, she is just looking for the right shade","I predicted the writer to be female based on the use of feminine pronouns (her, she) and the mention of a mother and father. This suggests a narrative voice that is from a female perspective, possibly from the perspective of a young woman. The use of phrases such as ""her momma believed"" and ""her daddy believed"" also implies a female narrator who is referencing her parents.","the devil had a dress on, powders her nose, altar","I predicted the writer to be from North America based on the cultural references to Christianity and the use of phrases that suggest a familiarity with American cultural icons (the devil, the altar). The reference to ""powdering her nose"" is also a phrase that is often associated with American culture, particularly in the context of 1960s and 1970s American literature and music. The mention of the devil and the altar suggests a Christian context, which is also prevalent in North America.","LYRICS: 
praying to a god that will not talk back her faith is dying the tear s a sign she is going off track keeps praying to a god that will not talk back talk back down on her knees here praying to a god that will not talk back hey her momma believed that the devil had a dress on so she is out on the town tonight she got her best on her daddy believed that the needle was a highway so she powders her nose she is just looking for the right shade it gets hard to feel the friction underwater and she is breaking down tearing at the borders in too deep to save herself she takes a pill it seems to help close her eyes and pictures standing at the altar praying to a god that will not talk back her faith is dying the tear s a sign she is going off track keeps praying to a god that will not talk back talk back down on her knees here praying to a god that will not talk back it gets hard to feel the friction underwater and she is breaking down tearing at the borders in too deep to save herself she takes a pill it seems to help close her eyes and pictures standing at the altar

GENDER: female
GENDER_KEYWORDS: her momma, her daddy, she, she is, she got, she is just looking for the right shade
GENDER_REASONING: I predicted the writer to be female based on the use of feminine pronouns (her, she) and the mention of a mother and father. This suggests a narrative voice that is from a female perspective, possibly from the perspective of a young woman. The use of phrases such as ""her momma believed"" and ""her daddy believed"" also implies a female narrator who is referencing her parents.

CONTINENT: North America
CONTINENT_KEYWORDS: the devil had a dress on, powders her nose, altar
CONTINENT_REASONING: I predicted the writer to be from North America based on the cultural references to Christianity and the use of phrases that suggest a familiarity with American cultural icons (the devil, the altar). The reference to ""powdering her nose"" is also a phrase that is often associated with American culture, particularly in the context of 1960s and 1970s American literature and music. The mention of the devil and the altar suggests a Christian context, which is also prevalent in North America."
5414,On the River,Young Dolph,Male,North America,spotify,pretty white bitches sniffin cocaine my trap house live like the soul train i had a dream when i was a young nigga me too bad bitches young live money big pound of weed in that motherfucker gang gang yeah if she is not pretty she cannot ride with me hell no if she does not have ass i do not want to smash no thank you weed so good i do not want to pass it whoooo all i smoke is killer strong your bitch look like thriller damn i might pull up and serve you a pound on a four wheeler skrrt fuckin with the realest do not know a nigga realer aye yeah i can show you how to make that money triple work took her out to eat fucked her on the river huh syrup sipper and she full of that liquor yeah took her out to eat fucked her on the river yeah she started with me first pulling on my zipper yeah she thick alicious so you know i had to hit her god damn hell no boy you know i did not kiss her no from memphis you know i thought about pimping her yup g s up hoes down i might break a bitch like i break down a pound want the work for cheap jump on a plane go out of town yeah you see that boy am not solid make that pussy stay from round all i want to do is count money and lay up with my lil bitch rich niggas am not dumb dumb niggas am not rich if she is not pretty she cannot ride with me hell no if she does not have ass i do not want to smash no thank you weed so good i do not want to pass it whoooo all i smoke is killer strong your bitch look like thriller damn i might pull up and serve you a pound on a four wheeler skrrt fuckin with the realest do not know a nigga realer aye yeah i can show you how to make that money triple work took her out to eat fucked her on the river huh all i smoke is killer strong shout out killer hey see me in the club i be standing next to killers woah got a crib in cali so my car does not have no ceilings drop smellin like that kk when i walk into the building hey hey bank roll tryna get another million racks get jammed up he gon sing like bryson tiller damn garage look like the dealer haha do not look familiar who is you plus i rep them steelers yeah care what the bill is aha buy it all buy it all buy it all i met the bitch on the first night she gon try it all i feel bad for her nigga cause he keep tryna call got her over at my crib she will be back to you tomorrow if she is not pretty she cannot ride with me hell no if she does not have ass i do not want to smash no thank you weed so good i do not want to pass it whoooo all i smoke is killer strong your bitch look like thriller damn i might pull up and serve you a pound on a four wheeler skrrt fuckin with the realest do not know a nigga realer aye yeah i can show you how to make that money triple work took her out to eat fucked her on the river huh,male,,"'young nigga', 'hell no', 'nigga', 'bitch', 'boy",,,,"LYRICS: 
pretty white bitches sniffin cocaine my trap house live like the soul train i had a dream when i was a young nigga me too bad bitches young live money big pound of weed in that motherfucker gang gang yeah if she is not pretty she cannot ride with me hell no if she does not have ass i do not want to smash no thank you weed so good i do not want to pass it whoooo all i smoke is killer strong your bitch look like thriller damn i might pull up and serve you a pound on a four wheeler skrrt fuckin with the realest do not know a nigga realer aye yeah i can show you how to make that money triple work took her out to eat fucked her on the river huh syrup sipper and she full of that liquor yeah took her out to eat fucked her on the river yeah she started with me first pulling on my zipper yeah she thick alicious so you know i had to hit her god damn hell no boy you know i did not kiss her no from memphis you know i thought about pimping her yup g s up hoes down i might break a bitch like i break down a pound want the work for cheap jump on a plane go out of town yeah you see that boy am not solid make that pussy stay from round all i want to do is count money and lay up with my lil bitch rich niggas am not dumb dumb niggas am not rich if she is not pretty she cannot ride with me hell no if she does not have ass i do not want to smash no thank you weed so good i do not want to pass it whoooo all i smoke is killer strong your bitch look like thriller damn i might pull up and serve you a pound on a four wheeler skrrt fuckin with the realest do not know a nigga realer aye yeah i can show you how to make that money triple work took her out to eat fucked her on the river huh all i smoke is killer strong shout out killer hey see me in the club i be standing next to killers woah got a crib in cali so my car does not have no ceilings drop smellin like that kk when i walk into the building hey hey bank roll tryna get another million racks get jammed up he gon sing like bryson tiller da...

GENDER: male
GENDER_KEYWORDS: 'young nigga', 'hell no', 'nigga', 'bitch', 'boy"
5415,Por un Beso,Gloria Estefan,Female,North America,spotify,"On a pedestal, I placed your love
Your kisses made me fly, your wild passion
In your arms, my innocence, my dreams, my illusion rested
They told me they saw you giving kisses to other lips
Not mine
And today, the cruel truth embraces me
Sad and bitter, that you lied to me
For a kiss, you betrayed my affection
You left my poor heart badly wounded
I don't hate you, I only feel pity for you
I gave you my eternal love and you didn't give it its value
For a kiss, for a kiss, you mocked me
And I don't bear you any grudge
For a kiss, you betrayed my affection
You left my poor heart badly wounded
I don't hate you, I only feel pity for you
I gave you my eternal love and you didn't give it its value
For a kiss, for a kiss, you mocked me
And I don't bear you any grudge
For a kiss, for a kiss, there are no more words
Only goodbye remains for us
For a kiss, I gave you all my affection
For a kiss, and you played with me
For a kiss, you left me badly wounded
For a kiss, my poor heart
For a kiss, oh for a kiss, you betrayed
For a kiss, all my love
For a kiss, and now I live sadly
For a kiss, but I won't bear you any grudge
For a kiss, and it's that there are no more words for us
Only goodbye remains
For a kiss, for a kiss, only for a kiss, my love, you deceived me
For a kiss, and it's that you're a coward
For a kiss, not knowing how to love
For a kiss, this love that I gave you
For a kiss, that was always faithful to you
For a kiss, for a kiss, for a kiss, you mocked me
And I don't bear you any grudge
For a kiss, for a kiss, there are no more words
Only goodbye remains for us",male,Europe,"""you"", ""me"", ""my"", ""I"", ""my love"", ""my heart""","I inferred that the writer is male because of the frequent use of the pronouns ""you"" and ""me"" which are commonly used by males when referring to their romantic relationships. The use of possessive pronouns such as ""my"" and ""my love"" also suggests a romantic and emotional tone that is often associated with male writers.","""love"", ""kiss"", ""eternal"", ""sadly"", ""cruel truth"", ""pity""",,"LYRICS: 
On a pedestal, I placed your love
Your kisses made me fly, your wild passion
In your arms, my innocence, my dreams, my illusion rested
They told me they saw you giving kisses to other lips
Not mine
And today, the cruel truth embraces me
Sad and bitter, that you lied to me
For a kiss, you betrayed my affection
You left my poor heart badly wounded
I don't hate you, I only feel pity for you
I gave you my eternal love and you didn't give it its value
For a kiss, for a kiss, you mocked me
And I don't bear you any grudge
For a kiss, for a kiss, there are no more words
Only goodbye remains for us
For a kiss, I gave you all my affection
For a kiss, and you played with me
For a kiss, you left me badly wounded
For a kiss, my poor heart
For a kiss, oh for a kiss, you betrayed
For a kiss, all my love
For a kiss, and now I live sadly
For a kiss, but I won't bear you any grudge
For a kiss, and it's that there are no more words for us
Only goodbye remains
For a kiss, for a kiss, only for a kiss, my love, you deceived me
For a kiss, and it's that you're a coward
For a kiss, not knowing how to love
For a kiss, this love that I gave you
For a kiss, that was always faithful to you
For a kiss, for a kiss, for a kiss, you mocked me
And I don't bear you any grudge
For a kiss, for a kiss, there are no more words
Only goodbye remains for us

GENDER: male
GENDER_KEYWORDS: ""you"", ""me"", ""my"", ""I"", ""my love"", ""my heart""
GENDER_REASONING: I inferred that the writer is male because of the frequent use of the pronouns ""you"" and ""me"" which are commonly used by males when referring to their romantic relationships. The use of possessive pronouns such as ""my"" and ""my love"" also suggests a romantic and emotional tone that is often associated with male writers.

CONTINENT: Europe
CONTINENT_KEYWORDS: ""love"", ""kiss"", ""eternal"", ""sadly"", ""cruel truth"", ""pity""
"
5416,Scared To Be Lonely - Conro Remix,Martin Garrix,Male,Europe,spotify,it was great at the very start hands on each other stand to be far apart closer the better now we are picking fights and slamming doors magnifying all our flaws and i wonder why wonder what for why we keep coming back for more is it just our bodies are we both losing our minds is the only reason you are holding me tonight cause we are scared to be lonely do we need somebody just to feel like we are alright is the only reason you are holding me tonight cause we are scared to be lonely too much time losing track of us where was the real undefined spiraling out of touch forgot how it feels all the messed up fights and slamming doors magnifying all our flaws and i wonder why wonder what for like we keep coming back for more is it just our bodies are we both losing our minds is the only reason you are holding me tonight cause we are scared to be lonely do we need somebody just to feel like we are alright is the only reason you are holding me tonight cause we are scared to be lonely scared to be lonely even when we know it is wrong been somebody better for us all along tell me how can we keep holding on holding on tonight cause we are scared to be lonely even when we know it is wrong been somebody better for us all along tell me how can we keep holding on holding on tonight cause we are scared to be lonely is it just our bodies are we both losing our minds is the only reason you are holding me tonight cause we are scared to be lonely scared to be lonely scared to be lonely scared to be lonely eh eh scared to be lonely,female,North America,"""we are scared to be lonely"", ""we need somebody just to feel like we are alright"", ""we are both losing our minds"", ""we know it is wrong been somebody better for us all along""","The language and perspective used in the lyrics suggest a female writer. The emphasis on relationships, emotional vulnerability, and introspection (""we are scared to be lonely"", ""we need somebody just to feel like we are alright"") are common themes in female-dominated songwriting. The use of phrases like ""we are both losing our minds"" and ""we know it is wrong"" also suggest a more emotional and introspective approach, which is often associated with female songwriters.","""lonely"", ""scared"", ""tonight"", ""holding on""",The use of English language and the,"LYRICS: 
it was great at the very start hands on each other stand to be far apart closer the better now we are picking fights and slamming doors magnifying all our flaws and i wonder why wonder what for why we keep coming back for more is it just our bodies are we both losing our minds is the only reason you are holding me tonight cause we are scared to be lonely do we need somebody just to feel like we are alright is the only reason you are holding me tonight cause we are scared to be lonely too much time losing track of us where was the real undefined spiraling out of touch forgot how it feels all the messed up fights and slamming doors magnifying all our flaws and i wonder why wonder what for like we keep coming back for more is it just our bodies are we both losing our minds is the only reason you are holding me tonight cause we are scared to be lonely do we need somebody just to feel like we are alright is the only reason you are holding me tonight cause we are scared to be lonely scared to be lonely even when we know it is wrong been somebody better for us all along tell me how can we keep holding on holding on tonight cause we are scared to be lonely even when we know it is wrong been somebody better for us all along tell me how can we keep holding on holding on tonight cause we are scared to be lonely is it just our bodies are we both losing our minds is the only reason you are holding me tonight cause we are scared to be lonely scared to be lonely scared to be lonely scared to be lonely eh eh scared to be lonely

GENDER: female
GENDER_KEYWORDS: ""we are scared to be lonely"", ""we need somebody just to feel like we are alright"", ""we are both losing our minds"", ""we know it is wrong been somebody better for us all along""
GENDER_REASONING: The language and perspective used in the lyrics suggest a female writer. The emphasis on relationships, emotional vulnerability, and introspection (""we are scared to be lonely"", ""we need somebody just to feel like we are alright"") are common themes in female-dominated songwriting. The use of phrases like ""we are both losing our minds"" and ""we know it is wrong"" also suggest a more emotional and introspective approach, which is often associated with female songwriters.

CONTINENT: North America
CONTINENT_KEYWORDS: ""lonely"", ""scared"", ""tonight"", ""holding on""
CONTINENT_REASONING: The use of English language and the"
5417,No Es Justo,J Balvin,Male,Latin America,spotify,na na oh oh uoh oh oh eh yeh yeh yeh yeh yeh yeh when you start to dance it's not fair it's not fair and I notice it in your gaze you like me you like me baby singing this song and me watching you if you come closer to me don't stop and if I tell you it's pretty over and over again you like it and you know heh heh heh when you start to dance su su it's not fair it's not fair mamacita eh yeah and I notice it in your gaze you like me you like me su dile z singing this song and me watching you if you come closer to me don't stop and if I tell you it's pretty over and over again uoh uoh uoh uoh uoh you like it and you know without you the disco doesn't exist disco I've given you a lot and a little you give me give me more of the party you are the missing piece yes yes yes to have a good time you're the only one missing let yourself go you're anxious I can tell take all your desires I can calm them yeh yeh if I'm what you need and here you're the only one missing let yourself go yeeeeh su you're anxious I can tell oooooh all your desires I can calm them yeeeeh if I'm what you need oooooh and here you're the only one missing mamacita aaaah when you start to dance it's not fair it's not fair eh yeh and I notice it in your gaze you like me you like me singing this song and me watching you if you come closer to me don't stop and if I tell you it's pretty over and over again uoh uoh uoh uoh uoh you like it and you know today I came to see you again I just want to do it again and I don't know what you did to me I felt like undressing you today I went out to see you again I just want to do it again and I don't know what you did to me I felt like undressing you zion baby a couple of glances and as if nothing time is passing the distance to have your kisses that my lips call started as a desire ended in reality and now come and it's evident that I like you from afar I can feel it let yourself go the atmosphere is good follow my plan I have it in mind when you start to dance it's not fair it's not fair and I notice it in your gaze you like me you like me singing this song and me watching you if you come closer to me don't stop stop and if I tell you it's pretty over and over again you like it and you know when you start to dance it's not fair it's not fair eh yeh and I notice it in your gaze you like me you like me singing this song and me watching you if you come closer to me don't stop and if I tell you it's pretty over and over again uoh uoh uoh uoh uoh you like it and you know today I came to see you again la z I just want to do it again and la l j balvin man zion baby j balvin man and lennox tainy mamacita sky breaking when you start to dance uoh uoh uoh uoh uoh uoh uoh uoh uoh uoh uoh uoh when you start to dance you're not leaving from here if you leave it's with me su su su su gaby music you're not leaving from here if you leave it's with me you're not leaving from here if you leave it's with me su su you're not leaving from here if you leave it's with me blep when you start to dance na na oh oh uoh oh oh eh yeh yeh yeh yeh yeh yeh when you start to dance it's not fair it's not fair and I notice it in your gaze you like me you like me baby singing this song and me watching you if you come closer to me don't stop and if I tell you it's pretty over and over again you like it and you know heh heh heh when you start to dance su su it's not fair it's not fair mamacita eh yeah and I notice it in your gaze you like me you like me su dile z singing this song and me watching you if you come closer to me don't stop and if I tell you it's pretty over and over again uoh uoh uoh uoh uoh you like it and you know without you the disco doesn't exist disco I've given you a lot and a little you give me give me more of the party you are the missing piece yes yes yes to have a good time you're the only one missing let yourself go you're anxious I can tell take all your desires I can calm them yeh yeh if I'm what you need and here you're the only one missing let yourself go yeeeeh su you're anxious I can tell oooooh all your desires I can calm them yeeeeh if I'm what you need oooooh and here you're the only one missing mamacita aaaah when you start to dance it's not fair it's not fair eh yeh and I notice it in your gaze you like me you like me singing this song and me watching you if you come closer to me don't stop and if I tell you it's pretty over and over again uoh uoh uoh uoh uoh you like it and you know today I came to see you again I just want to do it again and I don't know what you did to me I felt like undressing you today I went out to see you again I just want to do it again and I don't know what you did to me I felt like undressing you zion baby a couple of glances and as if nothing time is passing the distance to have your kisses that my lips call started as a desire ended in reality and now come and it's evident that I like you from afar I can feel it let yourself go the atmosphere is good follow my plan I have it in mind when you start to dance it's not fair it's not fair and I notice it in your gaze you like me you like me singing this song and me watching you if you come closer to me don't stop stop and if I tell you it's pretty over and over again you like it and you know when you start to dance it's not fair it's not fair eh yeh and I notice it in your gaze you like me you like me singing this song and me watching you if you come closer to me don't stop and if I tell you it's pretty over and over again uoh uoh uoh uoh uoh you like it and you know today I came to see you again la z I just want to do it again and la l j balvin man zion baby j balvin man and lennox tainy mamacita sky breaking when you start to dance uoh uoh uoh uoh uoh uoh uoh uoh uoh uoh uoh uoh when you start to dance you're not leaving from here if you leave it's with me su su su su gaby music you're not leaving from here if you leave it's with me you're not leaving from here if you leave it's with me su su you're not leaving from here if you leave it's with me blep when you start to dance,male,,"""baby"", ""mamacita"", ""ziona baby""
GENDER_REASONING",,,,"LYRICS: 
when you start to dance it's not fair it's not fair and I notice it in your gaze you like me you like me baby singing this song and me watching you if you come closer to me don't stop and if I tell you it's pretty over and over again you like it and you know heh heh heh when you start to dance su su it's not fair it's not fair mamacita eh yeah and I notice it in your gaze you like me you like me su dile z singing this song and me watching you if you come closer to me don't stop and if I tell you it's pretty over and over again uoh uoh uoh uoh uoh you like it and you know without you the disco doesn't exist disco I've given you a lot and a little you give me give me more of the party you are the missing piece yes yes yes to have a good time you're the only one missing let yourself go you're anxious I can tell take all your desires I can calm them yeh yeh if I'm what you need and here you're the only one missing let yourself go yeeeeh su you're anxious I can tell oooooh all your desires I can calm them yeeeeh if I'm what you need oooooh and here you're the only one missing mamacita aaaah when you start to dance it's not fair it's not fair eh yeh and I notice it in your gaze you like me you like me singing this song and me watching you if you come closer to me don't stop and if I tell you it's pretty over and over again uoh uoh uoh uoh uoh you like it and you know today I came to see you again I just want to do it again and I don't know what you did to me I felt like undressing you today I went out to see you again I just want to do it again and I don't know what you did to me I felt like undressing you zion baby a couple of glances and as if nothing time is passing the distance to have your kisses that my lips call started as a desire ended in reality and now come and it's evident that I like you from afar I can feel it let yourself go the atmosphere is good follow my plan I have it in mind when you start to dance it's 

GENDER: male
GENDER_KEYWORDS: ""baby"", ""mamacita"", ""ziona baby""
GENDER_REASONING"
5418,Nothing Can Hold Us Down (feat. Haris) - Dr Phunk Extended Remix,Hardwell,Male,Europe,spotify,oceans red is running through my veins from where we are right now so firm we will break through every wave never turn around i will guide you i will shelter you i will lift you up nothing can hold us down nothing can hold us down nothing can hold us down i will guide you i will shelter you i will lift you up nothing can hold us down oceans red is running through my veins from where we are right now so firm we will break through every wave never turn around i will guide you i will shelter you i will lift you up nothing can hold us down nothing can hold us down nothing can hold us down i will guide you i will shelter you i will lift you up nothing can hold us down nothing can hold us down,female,North America,"""i will guide you"", ""i will shelter you"", ""i will lift you up""","The use of nurturing and protective language, such as ""i will guide you"", ""i will shelter you"", and ""i will lift you up"", is often associated with feminine perspectives and caregiving roles. This suggests that the writer is a female.","""oceans red is running through my veins"", ""break through every wave""","The reference to ""oceans red is running through my veins"" and the desire to ""break through every wave"" suggests a strong connection to the sea and a sense of resilience, which is a common theme in North American music, particularly in genres such as folk and rock. The use of the phrase ""oceans red"" may also be a metaphor for the red blood of the land, a theme that is often explored in Native American literature and music.","LYRICS: oceans red is running through my veins from where we are right now so firm we will break through every wave never turn around i will guide you i will shelter you i will lift you up nothing can hold us down nothing can hold us down nothing can hold us down i will guide you i will shelter you i will lift you up nothing can hold us down nothing can hold us down nothing can hold us down i will guide you i will shelter you i will lift you up nothing can hold us down nothing can hold us down

GENDER: female
GENDER_KEYWORDS: ""i will guide you"", ""i will shelter you"", ""i will lift you up""
GENDER_REASONING: The use of nurturing and protective language, such as ""i will guide you"", ""i will shelter you"", and ""i will lift you up"", is often associated with feminine perspectives and caregiving roles. This suggests that the writer is a female.

CONTINENT: North America
CONTINENT_KEYWORDS: ""oceans red is running through my veins"", ""break through every wave""
CONTINENT_REASONING: The reference to ""oceans red is running through my veins"" and the desire to ""break through every wave"" suggests a strong connection to the sea and a sense of resilience, which is a common theme in North American music, particularly in genres such as folk and rock. The use of the phrase ""oceans red"" may also be a metaphor for the red blood of the land, a theme that is often explored in Native American literature and music."
5419,REEL IT IN,Aminé,Male,North America,spotify,right now reel it in i got the bag tell a friend she got some ass bring it in bitch the news cnn yeah reel it in i got the bag tell a friend she got some ass bring it in bitch the news cnn yeah hey drippin rollie got the tick tock missin shinin bitch pimpin ayy broke niggas got me livid wow you jordan or pippen true kobe never gon dish it or miss it business as fuck and i am not got the time to just kick it i do not trust nobody cause i cannot be fake frontin am not an option cause my soul cannot change and tired of being humble bitch i feel no way that young nigga shit i might pull up to your bitch like reel it in whoo i got the bag tell a friend hoo she got some ass bring it in ayy bitch the news cnn yeah yeah reel it in i got the bag tell a friend hoo she got some ass bring it in bitch the news cnn jesus christ hallelujah i buy that shit before i even know the price hey this 13 k up on my finger bitch you right true them diamonds dancin yeah that boy be lookin nice ayy i guess that is what you call that motherfuckin ice i got a thotiana put her in designer she italiana she a sorta kind of she björk cute so she really fine just sorta weird and she got some cake gimme opb for my odb these apc do your abc si m a young dread head with anxiety and i love it when a bitch nigga tryin me i do not trust nobody cause i cannot be fake frontin am not an option cause my soul cannot change and tired of being humble bitch i feel no way that young nigga shit i might pull up to your bitch like reel it in i got the bag tell a friend she got some ass bring it in bitch the news cnn yeah reel it in i got the bag tell a friend she got some ass bring it in bitch the news cnn yeah,male,,"""young nigga"", ""bitch"", ""nigga"", ""motherfuckin"", ""thotiana"", ""dread head""","The use of derogatory terms for women (""bitch"", ""thotiana"") and the self-proclaimed identity as a ""young nigga"" suggest a male perspective. The use of explicit language (""motherfuckin"") further reinforces this",,,"LYRICS: 
right now reel it in i got the bag tell a friend she got some ass bring it in bitch the news cnn yeah reel it in i got the bag tell a friend she got some ass bring it in bitch the news cnn yeah hey drippin rollie got the tick tock missin shinin bitch pimpin ayy broke niggas got me livid wow you jordan or pippen true kobe never gon dish it or miss it business as fuck and i am not got the time to just kick it i do not trust nobody cause i cannot be fake frontin am not an option cause my soul cannot change and tired of being humble bitch i feel no way that young nigga shit i might pull up to your bitch like reel it in whoo i got the bag tell a friend hoo she got some ass bring it in ayy bitch the news cnn yeah yeah reel it in i got the bag tell a friend hoo she got some ass bring it in bitch the news cnn jesus christ hallelujah i buy that shit before i even know the price hey this 13 k up on my finger bitch you right true them diamonds dancin yeah that boy be lookin nice ayy i guess that is what you call that motherfuckin ice i got a thotiana put her in designer she italiana she a sorta kind of she björk cute so she really fine just sorta weird and she got some cake gimme opb for my odb these apc do your abc si m a young dread head with anxiety and i love it when a bitch nigga tryin me i do not trust nobody cause i cannot be fake frontin am not an option cause my soul cannot change and tired of being humble bitch i feel no way that young nigga shit i might pull up to your bitch like reel it in i got the bag tell a friend she got some ass bring it in bitch the news cnn yeah reel it in i got the bag tell a friend she got some ass bring it in bitch the news cnn yeah

GENDER: male
GENDER_KEYWORDS: ""young nigga"", ""bitch"", ""nigga"", ""motherfuckin"", ""thotiana"", ""dread head""
GENDER_REASONING: The use of derogatory terms for women (""bitch"", ""thotiana"") and the self-proclaimed identity as a ""young nigga"" suggest a male perspective. The use of explicit language (""motherfuckin"") further reinforces this"
